id;nom;prenom;email
1;membre titulaire;biathlète agréable;Felicie.Blanc@gmail.com
2;de façon à près moyennant;ding plouf;Evelyne.Dasilva51@yahoo.fr
3;ouah juger;probablement tellement ramasser;Jeremie.Muller43@gmail.com
4;retenir sans;à même;Silvere.David86@gmail.com
5;assurément tant que deçà;quoique d'abord;Armine.Roche@hotmail.fr
6;en face de;dring en decà de;David30@gmail.com
7;pénétrer;glouglou reproduire souple;Arcadie_Dufour76@gmail.com
8;direction interrompre chef de cuisine;du moment que;Guenievre_Blanchard@gmail.com
9;délectable pin-pon touriste;plaider tout à fait;Martine_Colin@yahoo.fr
10;hé rattacher distinguer;en decà de avare vraiment;Alix.Bourgeois66@hotmail.fr
